bankRefId,amount,type,narration,date,fee
BNK_REF_128,403.55,CREDIT,SETTLEMENT ORD_20128 REF GW_TXN_128,2026-08-21,0.00
BNK_REF_152,778.00,CREDIT,ACH PAYOUT gmiller NET OF FEES,2026-09-03,19.95
BNK_REF_156,727.50,CREDIT,WIRE TRF FINTECH SOLU BATCH CLEARING,2026-09-08,22.50
BNK_REF_154,686.60,CREDIT,ACH PAYOUT laura NET OF FEES,2026-09-05,17.61
BNK_REF_151,226.30,CREDIT,ACH PAYOUT ian.malcolm NET OF FEES,2026-09-02,5.80
BNK_REF_110,202.63,CREDIT,SETTLEMENT ORD_20110 REF GW_TXN_110,2026-08-17,0.00
BNK_REF_112,243.23,CREDIT,SETTLEMENT ORD_20112 REF GW_TXN_112,2026-08-17,0.00
BNK_REF_139,387.53,CREDIT,STRIPE TRANSFER ORD_20139,2026-08-27,0.00
BNK_REF_158,890.00,CREDIT,WIRE TRF ENTERPRISE C BATCH CLEARING,2026-09-08,0.00
BNK_REF_125,689.16,CREDIT,SETTLEMENT ORD_20125 REF GW_TXN_125,2026-08-21,0.00
BNK_REF_160,680.00,CREDIT,WIRE TRF GALLAGHER LO BATCH CLEARING,2026-09-08,0.00
BNK_REF_106,189.04,CREDIT,SETTLEMENT ORD_20106 REF GW_TXN_106,2026-08-16,0.00
BNK_REF_131,205.94,CREDIT,SETTLEMENT ORD_20131 REF GW_TXN_131,2026-08-22,0.00
BNK_REF_111,338.44,CREDIT,SETTLEMENT ORD_20111 REF GW_TXN_111,2026-08-17,0.00
BNK_REF_145,178.65,CREDIT,STRIPE TRANSFER ORD_20145,2026-08-29,0.00
BNK_REF_137,833.97,CREDIT,STRIPE TRANSFER ORD_20137,2026-08-26,0.00
BNK_REF_157,310.00,CREDIT,WIRE TRF CHARLIE BROW BATCH CLEARING,2026-09-08,0.00
BNK_REF_114,266.87,CREDIT,SETTLEMENT ORD_20114 REF GW_TXN_114,2026-08-18,0.00
BNK_REF_121,548.86,CREDIT,SETTLEMENT ORD_20121 REF GW_TXN_121,2026-08-20,0.00
BNK_REF_130,507.28,CREDIT,SETTLEMENT ORD_20130 REF GW_TXN_130,2026-08-22,0.00
BNK_REF_127,200.42,CREDIT,SETTLEMENT ORD_20127 REF GW_TXN_127,2026-08-21,0.00
BNK_REF_123,592.73,CREDIT,SETTLEMENT ORD_20123 REF GW_TXN_123,2026-08-20,0.00
BNK_REF_119,318.10,CREDIT,SETTLEMENT ORD_20119 REF GW_TXN_119,2026-08-19,0.00
BNK_REF_132,100.00,CREDIT,SETTLEMENT ORD_20132 REF GW_TXN_132,2026-08-22,0.00
BNK_REF_118,549.44,CREDIT,SETTLEMENT ORD_20118 REF GW_TXN_118,2026-08-19,0.00
BNK_REF_107,371.10,CREDIT,SETTLEMENT ORD_20107 REF GW_TXN_107,2026-08-16,0.00
BNK_REF_149,694.85,CREDIT,ACH PAYOUT charlie NET OF FEES,2026-08-31,17.82
BNK_REF_133,771.56,CREDIT,STRIPE TRANSFER ORD_20133,2026-08-25,0.00
BNK_REF_109,600.97,CREDIT,SETTLEMENT ORD_20109 REF GW_TXN_109,2026-08-17,0.00
BNK_REF_150,612.10,CREDIT,ACH PAYOUT ian.malcolm NET OF FEES,2026-09-01,15.70
BNK_REF_117,739.85,CREDIT,SETTLEMENT ORD_20117 REF GW_TXN_117,2026-08-19,0.00
BNK_REF_135,735.27,CREDIT,STRIPE TRANSFER ORD_20135,2026-08-25,0.00
BNK_REF_159,543.20,CREDIT,WIRE TRF APEX DYNAMIC BATCH CLEARING,2026-09-08,16.80
BNK_REF_103,583.28,CREDIT,SETTLEMENT ORD_20103 REF GW_TXN_103,2026-08-15,0.00
BNK_REF_141,1167.67,CREDIT,STRIPE TRANSFER ORD_20141,2026-08-26,0.00
BNK_REF_140,53.73,CREDIT,STRIPE TRANSFER ORD_20140,2026-08-27,0.00
BNK_REF_104,373.09,CREDIT,SETTLEMENT ORD_20104 REF GW_TXN_104,2026-08-15,0.00
BNK_REF_147,164.31,CREDIT,ACH PAYOUT hannah NET OF FEES,2026-08-29,4.21
BNK_REF_101,552.53,CREDIT,SETTLEMENT ORD_20101 REF GW_TXN_101,2026-08-15,0.00
BNK_REF_155,407.40,CREDIT,WIRE TRF ACME GLOBAL  BATCH CLEARING,2026-09-08,12.60
BNK_REF_144,738.79,CREDIT,STRIPE TRANSFER ORD_20144,2026-08-27,0.00
BNK_REF_148,734.00,CREDIT,ACH PAYOUT ian.malcolm NET OF FEES,2026-08-30,18.82
BNK_REF_136,1166.74,CREDIT,STRIPE TRANSFER ORD_20136,2026-08-25,0.00
BNK_REF_138,933.89,CREDIT,STRIPE TRANSFER ORD_20138,2026-08-25,0.00
BNK_REF_102,227.04,CREDIT,SETTLEMENT ORD_20102 REF GW_TXN_102,2026-08-15,0.00
BNK_REF_122,159.81,CREDIT,SETTLEMENT ORD_20122 REF GW_TXN_122,2026-08-20,0.00
BNK_REF_105,216.95,CREDIT,SETTLEMENT ORD_20105 REF GW_TXN_105,2026-08-16,0.00
BNK_REF_115,501.32,CREDIT,SETTLEMENT ORD_20115 REF GW_TXN_115,2026-08-18,0.00
BNK_REF_116,570.54,CREDIT,SETTLEMENT ORD_20116 REF GW_TXN_116,2026-08-18,0.00
BNK_REF_108,692.78,CREDIT,SETTLEMENT ORD_20108 REF GW_TXN_108,2026-08-16,0.00
BNK_REF_153,849.70,CREDIT,ACH PAYOUT ian.malcolm NET OF FEES,2026-09-04,21.79
BNK_REF_134,735.87,CREDIT,STRIPE TRANSFER ORD_20134,2026-08-25,0.00
BNK_REF_129,639.62,CREDIT,SETTLEMENT ORD_20129 REF GW_TXN_129,2026-08-22,0.00
BNK_REF_124,720.35,CREDIT,SETTLEMENT ORD_20124 REF GW_TXN_124,2026-08-20,0.00
BNK_REF_142,1051.10,CREDIT,STRIPE TRANSFER ORD_20142,2026-08-27,0.00
BNK_REF_143,225.77,CREDIT,STRIPE TRANSFER ORD_20143,2026-08-27,0.00
BNK_REF_126,199.06,CREDIT,SETTLEMENT ORD_20126 REF GW_TXN_126,2026-08-21,0.00
BNK_REF_120,797.74,CREDIT,SETTLEMENT ORD_20120 REF GW_TXN_120,2026-08-19,0.00
BNK_REF_146,325.37,CREDIT,STRIPE TRANSFER ORD_20146,2026-08-28,0.00
BNK_REF_113,467.39,CREDIT,SETTLEMENT ORD_20113 REF GW_TXN_113,2026-08-18,0.00
