transactionId,amount,currency,status,paymentMethod,orderId,timestamp,customerEmail
GW_TXN_101,552.53,USD,SUCCESS,ACH,ORD_20101,2026-08-15 21:00:00,alice.smith@acme.com
GW_TXN_102,227.04,USD,SUCCESS,CARD,ORD_20102,2026-08-15 21:00:00,charlie@peanuts.org
GW_TXN_103,583.28,USD,SUCCESS,APPLE_PAY,ORD_20103,2026-08-15 11:00:00,ian.malcolm@chaos.com
GW_TXN_104,373.09,USD,SUCCESS,CARD,ORD_20104,2026-08-15 11:00:00,alice.smith@acme.com
GW_TXN_105,216.95,USD,SUCCESS,APPLE_PAY,ORD_20105,2026-08-16 10:00:00,jroberts@cinema.org
GW_TXN_106,189.04,USD,SUCCESS,APPLE_PAY,ORD_20106,2026-08-16 21:00:00,kbacon@sixdegrees.com
GW_TXN_107,371.10,USD,SUCCESS,ACH,ORD_20107,2026-08-16 19:00:00,hannah@hogwarts.edu
GW_TXN_108,692.78,USD,SUCCESS,CARD,ORD_20108,2026-08-16 22:00:00,alice.smith@acme.com
GW_TXN_109,600.97,USD,SUCCESS,CARD,ORD_20109,2026-08-17 14:00:00,fiona@gallagher.co
GW_TXN_110,202.63,USD,SUCCESS,CARD,ORD_20110,2026-08-17 11:00:00,fiona@gallagher.co
GW_TXN_111,338.44,USD,SUCCESS,APPLE_PAY,ORD_20111,2026-08-17 15:00:00,fiona@gallagher.co
GW_TXN_112,243.23,USD,SUCCESS,ACH,ORD_20112,2026-08-17 21:00:00,alice.smith@acme.com
GW_TXN_113,467.39,USD,SUCCESS,APPLE_PAY,ORD_20113,2026-08-18 11:00:00,gmiller@apex.org
GW_TXN_114,266.87,USD,SUCCESS,ACH,ORD_20114,2026-08-18 19:00:00,kbacon@sixdegrees.com
GW_TXN_115,501.32,USD,SUCCESS,CARD,ORD_20115,2026-08-18 11:00:00,laura@tomb.org
GW_TXN_116,570.54,USD,SUCCESS,CARD,ORD_20116,2026-08-18 11:00:00,evan.wright@enterprise.com
GW_TXN_117,739.85,USD,SUCCESS,ACH,ORD_20117,2026-08-19 14:00:00,gmiller@apex.org
GW_TXN_118,549.44,USD,SUCCESS,ACH,ORD_20118,2026-08-19 12:00:00,fiona@gallagher.co
GW_TXN_119,318.10,USD,SUCCESS,APPLE_PAY,ORD_20119,2026-08-19 14:00:00,kbacon@sixdegrees.com
GW_TXN_120,797.74,USD,SUCCESS,APPLE_PAY,ORD_20120,2026-08-19 11:00:00,kbacon@sixdegrees.com
GW_TXN_121,548.86,USD,SUCCESS,CARD,ORD_20121,2026-08-20 21:00:00,ian.malcolm@chaos.com
GW_TXN_122,159.81,USD,SUCCESS,APPLE_PAY,ORD_20122,2026-08-20 14:00:00,gmiller@apex.org
GW_TXN_123,592.73,USD,SUCCESS,ACH,ORD_20123,2026-08-20 20:00:00,diana@themyscira.net
GW_TXN_124,720.35,USD,SUCCESS,CARD,ORD_20124,2026-08-20 13:00:00,alice.smith@acme.com
GW_TXN_125,689.16,USD,SUCCESS,CARD,ORD_20125,2026-08-21 14:00:00,gmiller@apex.org
GW_TXN_126,199.06,USD,SUCCESS,ACH,ORD_20126,2026-08-21 21:00:00,jroberts@cinema.org
GW_TXN_127,200.42,USD,SUCCESS,APPLE_PAY,ORD_20127,2026-08-21 16:00:00,hannah@hogwarts.edu
GW_TXN_128,403.55,USD,SUCCESS,CARD,ORD_20128,2026-08-21 12:00:00,evan.wright@enterprise.com
GW_TXN_129,639.62,USD,SUCCESS,APPLE_PAY,ORD_20129,2026-08-22 14:00:00,ian.malcolm@chaos.com
GW_TXN_130,507.28,USD,SUCCESS,ACH,ORD_20130,2026-08-22 16:00:00,jroberts@cinema.org
GW_TXN_131,205.94,USD,SUCCESS,ACH,ORD_20131,2026-08-22 18:00:00,charlie@peanuts.org
GW_TXN_132,100.00,USD,SUCCESS,CARD,ORD_20132,2026-08-22 11:00:00,alice.smith@acme.com
GW_TXN_133,771.56,USD,SUCCESS,CARD,ORD_20133,2026-08-23 10:00:00,kbacon@sixdegrees.com
GW_TXN_134,735.87,USD,SUCCESS,CARD,ORD_20134,2026-08-23 10:00:00,gmiller@apex.org
GW_TXN_135,735.27,USD,SUCCESS,CARD,ORD_20135,2026-08-23 10:00:00,hannah@hogwarts.edu
GW_TXN_136,1166.74,USD,SUCCESS,CARD,ORD_20136,2026-08-24 10:00:00,alice.smith@acme.com
GW_TXN_137,833.97,USD,SUCCESS,CARD,ORD_20137,2026-08-24 10:00:00,ian.malcolm@chaos.com
GW_TXN_138,933.89,USD,SUCCESS,CARD,ORD_20138,2026-08-24 10:00:00,fiona@gallagher.co
GW_TXN_139,387.53,USD,SUCCESS,CARD,ORD_20139,2026-08-25 10:00:00,charlie@peanuts.org
GW_TXN_140,53.73,USD,SUCCESS,CARD,ORD_20140,2026-08-25 10:00:00,laura@tomb.org
GW_TXN_141,1167.67,USD,SUCCESS,CARD,ORD_20141,2026-08-25 10:00:00,charlie@peanuts.org
GW_TXN_142,1051.10,USD,SUCCESS,CARD,ORD_20142,2026-08-26 10:00:00,evan.wright@enterprise.com
GW_TXN_143,225.77,USD,SUCCESS,CARD,ORD_20143,2026-08-26 10:00:00,charlie@peanuts.org
GW_TXN_144,738.79,USD,SUCCESS,CARD,ORD_20144,2026-08-26 10:00:00,hannah@hogwarts.edu
GW_TXN_145,178.65,USD,SUCCESS,CARD,ORD_20145,2026-08-27 10:00:00,fiona@gallagher.co
GW_TXN_146,325.37,USD,SUCCESS,CARD,ORD_20146,2026-08-27 10:00:00,diana@themyscira.net
GW_TXN_147,168.52,USD,SUCCESS,CARD,ORD_20147,2026-08-29 10:00:00,hannah@hogwarts.edu
GW_TXN_148,752.82,USD,SUCCESS,CARD,ORD_20148,2026-08-30 10:00:00,ian.malcolm@chaos.com
GW_TXN_149,712.67,USD,SUCCESS,CARD,ORD_20149,2026-08-31 10:00:00,charlie@peanuts.org
GW_TXN_150,627.80,USD,SUCCESS,CARD,ORD_20150,2026-09-01 10:00:00,ian.malcolm@chaos.com
GW_TXN_151,232.10,USD,SUCCESS,CARD,ORD_20151,2026-09-02 10:00:00,ian.malcolm@chaos.com
GW_TXN_152,797.95,USD,SUCCESS,CARD,ORD_20152,2026-09-03 10:00:00,gmiller@apex.org
GW_TXN_153,871.49,USD,SUCCESS,CARD,ORD_20153,2026-09-04 10:00:00,ian.malcolm@chaos.com
GW_TXN_154,704.21,USD,SUCCESS,CARD,ORD_20154,2026-09-05 10:00:00,laura@tomb.org
GW_TXN_155,420.00,USD,SUCCESS,CARD,ORD_20155,2026-09-06 10:00:00,billing@acmeglobalinctrunc.com
GW_TXN_156,750.00,USD,SUCCESS,CARD,ORD_20156,2026-09-06 10:00:00,billing@fintechsolutionintl.com
GW_TXN_157,310.00,USD,SUCCESS,CARD,ORD_20157,2026-09-06 10:00:00,billing@charliebrownpeanuts.com
GW_TXN_158,890.00,USD,SUCCESS,CARD,ORD_20158,2026-09-06 10:00:00,billing@enterpriseclientcorp.com
GW_TXN_159,560.00,USD,SUCCESS,CARD,ORD_20159,2026-09-06 10:00:00,billing@apexdynamicsglobal.com
GW_TXN_160,680.00,USD,SUCCESS,CARD,ORD_20160,2026-09-06 10:00:00,billing@gallagherlogisticsltd.com
GW_TXN_161,999.00,USD,SUCCESS,WIRE,ORD_20161,2026-08-15 10:00:00,stuck.funds@anomaly.io
GW_TXN_162,150.00,USD,SUCCESS,CARD,ORD_20162,2026-08-15 10:02:00,double.charge@victim.com
GW_TXN_163,350.00,USD,DISPUTED,CARD,ORD_20163,2026-09-09 10:00:00,disputed_0@chargeback.com
GW_TXN_164,400.00,USD,DISPUTED,CARD,ORD_20164,2026-09-09 10:00:00,disputed_1@chargeback.com
GW_TXN_165,450.00,USD,DISPUTED,CARD,ORD_20165,2026-09-09 10:00:00,disputed_2@chargeback.com
